<?xml version="1.0" encoding="utf-8" ?><dwsync><file name="allclasses-frame.html" server="server313.com//www/www/" local="3469067049" remote="319783739205115648" Dst="-1" /><file name="allclasses-noframe.html" server="server313.com//www/www/" local="3469067049" remote="319783739205115648" Dst="-1" /><file name="constant-values.html" server="server313.com//www/www/" local="3469067049" remote="319783739205115648" Dst="-1" /><file name="index.html" server="server313.com//www/www/" local="3469067049" remote="319783739205115648" Dst="-1" /><file name="package-list" server="server313.com//www/www/" local="3469067049" remote="319783739205115648" Dst="-1" /><file name="logfile.txt" server="server313.com//www/www/" local="3469067049" remote="319783739205115648" Dst="-1" /><file name="package-frame.html" server="server313.com//www/www/" local="3469067049" remote="319783739205115648" Dst="-1" /><file name="package-summary.html" server="server313.com//www/www/" local="3469067049" remote="319783739205115648" Dst="-1" /><file name="stylesheet.css" server="server313.com//www/www/" local="3469067049" remote="319783739205115648" Dst="-1" /></dwsync>