<?xml version="1.0" encoding="utf-8" ?><dwsync><file name="DownloadInfo.class" server="server313.com//www/www/" local="3560899898" remote="319783739205115648" Dst="-1" /><file name="DownloadInfo.ctxt" server="server313.com//www/www/" local="3560899899" remote="319783739205115648" Dst="-1" /><file name="MusicDownloads.class" server="server313.com//www/www/" local="3560900264" remote="319783739205115648" Dst="-1" /><file name="DownloadInfo.java" server="server313.com//www/www/" local="3560899876" remote="319783739205115648" Dst="-1" /><file name="MusicDownloads.ctxt" server="server313.com//www/www/" local="3560899898" remote="319783739205115648" Dst="-1" /><file name="MusicDownloads.java" server="server313.com//www/www/" local="3560900260" remote="319783739205115648" Dst="-1" /><file name="MusicDownLoadsDriver.class" server="server313.com//www/www/" local="3560899916" remote="319783739205115648" Dst="-1" /><file name="MusicDownLoadsDriver.ctxt" server="server313.com//www/www/" local="3560899916" remote="319783739205115648" Dst="-1" /><file name="MusicDownLoadsDriver.java" server="server313.com//www/www/" local="3560899915" remote="319783739205115648" Dst="-1" /><file name="package.bluej" server="server313.com//www/www/" local="3561225262" remote="319783739205115648" Dst="-1" /><file name="README.TXT" server="server313.com//www/www/" local="3466430912" remote="319783739205115648" Dst="-1" /></dwsync>